{
    "name": "Superstore_raw_to_processed",
    "type": "Microsoft.DataFactory/factories/linkedservices",
    "properties": {
        "annotations": [],
        "type": "AzureDatabricks",
        "typeProperties": {
            "domain": "https://adb-390383738006916.16.azuredatabricks.net",
            "authentication": "MSI",
            "workspaceResourceId": "/subscriptions/2aee79f2-4e1c-461f-8b8e-c66c44ffdb17/resourceGroups/superstore-rsg/providers/Microsoft.Databricks/workspaces/superstore-ws",
            "newClusterNodeType": "Standard_DS3_v2",
            "newClusterNumOfWorker": "1",
            "newClusterVersion": "10.4.x-scala2.12",
            "clusterOption": "Fixed",
            "newClusterInitScripts": []
        }
    }
}