{
    "name": "processed",
    "properties": {
        "linkedServiceName": {
            "referenceName": "ls_Adls_processed",
            "type": "LinkedServiceReference"
        },
        "annotations": [],
        "type": "DelimitedText",
        "typeProperties": {
            "location": {
                "type": "AzureBlobFSLocation",
                "folderPath": "superstore_processed",
                "fileSystem": "processed"
            },
            "columnDelimiter": ",",
            "escapeChar": "\\",
            "firstRowAsHeader": true,
            "quoteChar": "\""
        },
        "schema": [
            {
                "name": "order_id",
                "type": "String"
            },
            {
                "name": "order_date",
                "type": "String"
            },
            {
                "name": "city",
                "type": "String"
            },
            {
                "name": "country",
                "type": "String"
            },
            {
                "name": "customer_id",
                "type": "String"
            },
            {
                "name": "discount",
                "type": "String"
            },
            {
                "name": "market",
                "type": "String"
            },
            {
                "name": "category",
                "type": "String"
            },
            {
                "name": "order_priority",
                "type": "String"
            },
            {
                "name": "product_id",
                "type": "String"
            },
            {
                "name": "product_name",
                "type": "String"
            },
            {
                "name": "Profit",
                "type": "String"
            },
            {
                "name": "quantity",
                "type": "String"
            },
            {
                "name": "sales",
                "type": "String"
            },
            {
                "name": "ship_mode",
                "type": "String"
            },
            {
                "name": "state",
                "type": "String"
            },
            {
                "name": "sub_category",
                "type": "String"
            },
            {
                "name": "shipping_cost",
                "type": "String"
            },
            {
                "name": "ship_date",
                "type": "String"
            },
            {
                "name": "year",
                "type": "String"
            },
            {
                "name": "weeknum",
                "type": "String"
            },
            {
                "name": "ingestion_date",
                "type": "String"
            }
        ]
    },
    "type": "Microsoft.DataFactory/factories/datasets"
}