{
    "name": "data-ingestion-raw-to-processed",
    "properties": {
        "activities": [
            {
                "name": "Copy data from Git to Raw",
                "type": "Copy",
                "dependsOn": [],
                "policy": {
                    "timeout": "0.12:00:00",
                    "retry": 0,
                    "retryIntervalInSeconds": 30,
                    "secureOutput": false,
                    "secureInput": false
                },
                "userProperties": [],
                "typeProperties": {
                    "source": {
                        "type": "DelimitedTextSource",
                        "storeSettings": {
                            "type": "HttpReadSettings",
                            "requestMethod": "GET"
                        },
                        "formatSettings": {
                            "type": "DelimitedTextReadSettings"
                        }
                    },
                    "sink": {
                        "type": "DelimitedTextSink",
                        "storeSettings": {
                            "type": "AzureBlobFSWriteSettings"
                        },
                        "formatSettings": {
                            "type": "DelimitedTextWriteSettings",
                            "quoteAllText": true,
                            "fileExtension": ".txt"
                        }
                    },
                    "enableStaging": false,
                    "translator": {
                        "type": "TabularTranslator",
                        "typeConversion": true,
                        "typeConversionSettings": {
                            "allowDataTruncation": true,
                            "treatBooleanAsNumber": false
                        }
                    }
                },
                "inputs": [
                    {
                        "referenceName": "HTTP_git",
                        "type": "DatasetReference"
                    }
                ],
                "outputs": [
                    {
                        "referenceName": "superstore_raw",
                        "type": "DatasetReference"
                    }
                ]
            },
            {
                "name": "Superstore_raw_to_processed",
                "type": "DatabricksNotebook",
                "dependsOn": [
                    {
                        "activity": "Copy data from Git to Raw",
                        "dependencyConditions": [
                            "Completed"
                        ]
                    }
                ],
                "policy": {
                    "timeout": "0.12:00:00",
                    "retry": 0,
                    "retryIntervalInSeconds": 30,
                    "secureOutput": false,
                    "secureInput": false
                },
                "userProperties": [],
                "typeProperties": {
                    "notebookPath": "/Users/gmbkrishna4@gmail.com/superstore/Superstore_raw_to_processed"
                },
                "linkedServiceName": {
                    "referenceName": "Superstore_raw_to_processed",
                    "type": "LinkedServiceReference"
                }
            },
            {
                "name": "Get processed file data",
                "type": "GetMetadata",
                "dependsOn": [
                    {
                        "activity": "Superstore_raw_to_processed",
                        "dependencyConditions": [
                            "Completed"
                        ]
                    }
                ],
                "policy": {
                    "timeout": "0.12:00:00",
                    "retry": 0,
                    "retryIntervalInSeconds": 30,
                    "secureOutput": false,
                    "secureInput": false
                },
                "userProperties": [],
                "typeProperties": {
                    "dataset": {
                        "referenceName": "processed",
                        "type": "DatasetReference"
                    },
                    "fieldList": [
                        "exists"
                    ],
                    "storeSettings": {
                        "type": "AzureBlobFSReadSettings",
                        "recursive": true,
                        "enablePartitionDiscovery": false
                    },
                    "formatSettings": {
                        "type": "DelimitedTextReadSettings"
                    }
                }
            },
            {
                "name": "Superstore_processed_to_presentation",
                "type": "DatabricksNotebook",
                "dependsOn": [
                    {
                        "activity": "Get processed file data",
                        "dependencyConditions": [
                            "Completed"
                        ]
                    }
                ],
                "policy": {
                    "timeout": "0.12:00:00",
                    "retry": 0,
                    "retryIntervalInSeconds": 30,
                    "secureOutput": false,
                    "secureInput": false
                },
                "userProperties": [],
                "typeProperties": {
                    "notebookPath": "/Users/gmbkrishna4@gmail.com/superstore/Superstore_processed_to_presentation"
                },
                "linkedServiceName": {
                    "referenceName": "Superstore_processed_to_presentation",
                    "type": "LinkedServiceReference"
                }
            }
        ],
        "annotations": [],
        "lastPublishTime": "2024-09-01T21:56:57Z"
    },
    "type": "Microsoft.DataFactory/factories/pipelines"
}