{
    "now": "2024-09-01T23:49:27.977Z",
    "perfNow": 934348695.5999999,
    "diagnosticCorrelation": "d864e751-ea67-4322-b25a-e6345e395eec",
    "source": "DownloadSupportFiles",
    "environment": {
        "productName": "adf",
        "buildVersion": "1.0.080224.3",
        "environmentType": 3,
        "resourceName": "supestore-df",
        "resourceRegion": "eastus",
        "resourceGroup": "superstore-rsg",
        "subscriptionId": "2aee79f2-4e1c-461f-8b8e-c66c44ffdb17",
        "sessionId": "z+dWbTBptVB6oUN6/Dz7fw",
        "operationId": "",
        "gitType": "live",
        "loggingKey": "fcd44eab-b405-4d80-b744-63e75f1dcebd"
    },
    "additionalInfo": {
        "selectedResource": "data-ingestion-raw-to-processed",
        "selectedResourceType": "pipeline"
    }
}